<mesh>
    <submeshes>
        <submesh material="default" usesharedvertices="false" use32bitindexes="false" operationtype="triangle_list">
            <faces count="24">
                <face v1="0" v2="1" v3="3" />
                <face v1="1" v2="2" v3="3" />
                <face v1="4" v2="5" v3="6" />
                <face v1="4" v2="6" v3="7" />
                <face v1="8" v2="9" v3="11" />
                <face v1="9" v2="10" v3="11" />
                <face v1="12" v2="13" v3="14" />
                <face v1="12" v2="14" v3="15" />
                <face v1="16" v2="17" v3="18" />
                <face v1="16" v2="18" v3="19" />
                <face v1="20" v2="21" v3="22" />
                <face v1="20" v2="22" v3="23" />
                <face v1="24" v2="25" v3="27" />
                <face v1="25" v2="26" v3="27" />
                <face v1="28" v2="29" v3="31" />
                <face v1="29" v2="30" v3="31" />
                <face v1="32" v2="33" v3="35" />
                <face v1="33" v2="34" v3="35" />
                <face v1="36" v2="37" v3="38" />
                <face v1="36" v2="38" v3="39" />
                <face v1="40" v2="41" v3="42" />
                <face v1="43" v2="44" v3="46" />
                <face v1="44" v2="45" v3="46" />
                <face v1="47" v2="48" v3="49" />
            </faces>
            <geometry vertexcount="50">
                <vertexbuffer positions="true" normals="true">
                    <vertex>
                        <position x="0.250008" y="-0.247595" z="1.241" />
                        <normal x="-2e-006" y="-1e-006" z="1" />
                    </vertex>
                    <vertex>
                        <position x="0.250008" y="0.247595" z="1.241" />
                        <normal x="-2e-006" y="-1e-006" z="1" />
                    </vertex>
                    <vertex>
                        <position x="-0.250008" y="0.247595" z="1.241" />
                        <normal x="-2e-006" y="-1e-006" z="1" />
                    </vertex>
                    <vertex>
                        <position x="-0.250008" y="-0.247595" z="1.241" />
                        <normal x="-2e-006" y="-1e-006" z="1" />
                    </vertex>
                    <vertex>
                        <position x="0.250008" y="-0.247595" z="0" />
                        <normal x="0" y="-1" z="0" />
                    </vertex>
                    <vertex>
                        <position x="0.250008" y="-0.247595" z="1.241" />
                        <normal x="0" y="-1" z="0" />
                    </vertex>
                    <vertex>
                        <position x="-0.250008" y="-0.247595" z="1.241" />
                        <normal x="0" y="-1" z="0" />
                    </vertex>
                    <vertex>
                        <position x="-0.250008" y="-0.247595" z="-0" />
                        <normal x="0" y="-1" z="0" />
                    </vertex>
                    <vertex>
                        <position x="-0.250008" y="0.247595" z="-0" />
                        <normal x="0" y="1" z="-0" />
                    </vertex>
                    <vertex>
                        <position x="-0.250008" y="0.247595" z="1.241" />
                        <normal x="0" y="1" z="-0" />
                    </vertex>
                    <vertex>
                        <position x="0.250008" y="0.247595" z="1.241" />
                        <normal x="0" y="1" z="-0" />
                    </vertex>
                    <vertex>
                        <position x="0.250008" y="0.247595" z="1e-006" />
                        <normal x="0" y="1" z="-0" />
                    </vertex>
                    <vertex>
                        <position x="0.250008" y="-0.247595" z="1.241" />
                        <normal x="1" y="0" z="-0" />
                    </vertex>
                    <vertex>
                        <position x="0.250008" y="-0.247595" z="0" />
                        <normal x="1" y="0" z="-0" />
                    </vertex>
                    <vertex>
                        <position x="0.250008" y="0.247595" z="1e-006" />
                        <normal x="1" y="0" z="-0" />
                    </vertex>
                    <vertex>
                        <position x="0.250008" y="0.247595" z="1.241" />
                        <normal x="1" y="0" z="-0" />
                    </vertex>
                    <vertex>
                        <position x="-0.250008" y="0.247595" z="1.241" />
                        <normal x="-1" y="-0" z="-0" />
                    </vertex>
                    <vertex>
                        <position x="-0.250008" y="0.247595" z="-0" />
                        <normal x="-1" y="-0" z="-0" />
                    </vertex>
                    <vertex>
                        <position x="-0.250008" y="-0.247595" z="-0" />
                        <normal x="-1" y="-0" z="-0" />
                    </vertex>
                    <vertex>
                        <position x="-0.250008" y="-0.247595" z="1.241" />
                        <normal x="-1" y="-0" z="-0" />
                    </vertex>
                    <vertex>
                        <position x="0.250008" y="-0" z="-0.764618" />
                        <normal x="1e-006" y="-0.712952" z="-0.701212" />
                    </vertex>
                    <vertex>
                        <position x="0.250008" y="-0.750395" z="-0.00166" />
                        <normal x="1e-006" y="-0.712952" z="-0.701212" />
                    </vertex>
                    <vertex>
                        <position x="-0.250008" y="-0.750395" z="-0.00166" />
                        <normal x="1e-006" y="-0.712952" z="-0.701212" />
                    </vertex>
                    <vertex>
                        <position x="-0.250008" y="-0" z="-0.764618" />
                        <normal x="1e-006" y="-0.712952" z="-0.701212" />
                    </vertex>
                    <vertex>
                        <position x="0.250008" y="-0.750395" z="-0.00166" />
                        <normal x="-0" y="-0.003302" z="0.999995" />
                    </vertex>
                    <vertex>
                        <position x="0.250008" y="-0.247595" z="0" />
                        <normal x="-0" y="-0.003302" z="0.999995" />
                    </vertex>
                    <vertex>
                        <position x="-0.250008" y="-0.247595" z="-0" />
                        <normal x="-0" y="-0.003302" z="0.999995" />
                    </vertex>
                    <vertex>
                        <position x="-0.250008" y="-0.750395" z="-0.00166" />
                        <normal x="-0" y="-0.003302" z="0.999995" />
                    </vertex>
                    <vertex>
                        <position x="-0.250008" y="-0" z="-0.764618" />
                        <normal x="1e-006" y="0.712952" z="-0.701212" />
                    </vertex>
                    <vertex>
                        <position x="-0.250008" y="0.750395" z="-0.00166" />
                        <normal x="1e-006" y="0.712952" z="-0.701212" />
                    </vertex>
                    <vertex>
                        <position x="0.250008" y="0.750395" z="-0.00166" />
                        <normal x="1e-006" y="0.712952" z="-0.701212" />
                    </vertex>
                    <vertex>
                        <position x="0.250008" y="-0" z="-0.764618" />
                        <normal x="1e-006" y="0.712952" z="-0.701212" />
                    </vertex>
                    <vertex>
                        <position x="-0.250008" y="0.750395" z="-0.00166" />
                        <normal x="-1e-006" y="0.003301" z="0.999995" />
                    </vertex>
                    <vertex>
                        <position x="-0.250008" y="0.247595" z="-0" />
                        <normal x="-1e-006" y="0.003301" z="0.999995" />
                    </vertex>
                    <vertex>
                        <position x="0.250008" y="0.247595" z="1e-006" />
                        <normal x="-1e-006" y="0.003301" z="0.999995" />
                    </vertex>
                    <vertex>
                        <position x="0.250008" y="0.750395" z="-0.00166" />
                        <normal x="-1e-006" y="0.003301" z="0.999995" />
                    </vertex>
                    <vertex>
                        <position x="0.250008" y="-0.247595" z="0" />
                        <normal x="1" y="-0" z="1.8e-005" />
                    </vertex>
                    <vertex>
                        <position x="0.250008" y="-0.750395" z="-0.00166" />
                        <normal x="1" y="-0" z="1.8e-005" />
                    </vertex>
                    <vertex>
                        <position x="0.250008" y="0.750395" z="-0.00166" />
                        <normal x="1" y="-0" z="1.8e-005" />
                    </vertex>
                    <vertex>
                        <position x="0.250008" y="0.247595" z="1e-006" />
                        <normal x="1" y="-0" z="1.8e-005" />
                    </vertex>
                    <vertex>
                        <position x="0.250008" y="-0.750395" z="-0.00166" />
                        <normal x="1" y="0" z="-0" />
                    </vertex>
                    <vertex>
                        <position x="0.250008" y="-0" z="-0.764618" />
                        <normal x="1" y="0" z="-0" />
                    </vertex>
                    <vertex>
                        <position x="0.250008" y="0.750395" z="-0.00166" />
                        <normal x="1" y="0" z="-0" />
                    </vertex>
                    <vertex>
                        <position x="-0.250008" y="0.247595" z="-0" />
                        <normal x="-1" y="-0" z="-0" />
                    </vertex>
                    <vertex>
                        <position x="-0.250008" y="0.750395" z="-0.00166" />
                        <normal x="-1" y="-0" z="-0" />
                    </vertex>
                    <vertex>
                        <position x="-0.250008" y="-0.750395" z="-0.00166" />
                        <normal x="-1" y="-0" z="-0" />
                    </vertex>
                    <vertex>
                        <position x="-0.250008" y="-0.247595" z="-0" />
                        <normal x="-1" y="-0" z="-0" />
                    </vertex>
                    <vertex>
                        <position x="-0.250008" y="0.750395" z="-0.00166" />
                        <normal x="-1" y="-0" z="-0" />
                    </vertex>
                    <vertex>
                        <position x="-0.250008" y="-0" z="-0.764618" />
                        <normal x="-1" y="-0" z="-0" />
                    </vertex>
                    <vertex>
                        <position x="-0.250008" y="-0.750395" z="-0.00166" />
                        <normal x="-1" y="-0" z="-0" />
                    </vertex>
                </vertexbuffer>
            </geometry>
        </submesh>
    </submeshes>
</mesh>
